,Missing Count,Missing Percentage
id,0,0.0
content,344,15.58676937018577
title,0,0.0
content_en,1989,90.12233801540552
title_en,1989,90.12233801540552
event,77,3.48889895786135
predicted_side,77,3.48889895786135
predicted_move,77,3.48889895786135
publisher,0,0.0
published_date,0,0.0
ticker,0,0.0
company,0,0.0
reason,88,3.9873130946986857
link,0,0.0
ticker_url,169,7.657453556864521
actual_side,0,0.0
price_change_percentage,0,0.0
daily_alpha,0,0.0
