Metric,Value
Q1,-0.8310252539545802
Q3,1.8115924814873587
IQR,2.642617735441939
Lower Bound,-4.794951857117488
Upper Bound,5.775519084650267
Outlier Count,351.0
