Column,Average Length,Empty Count,Short Text Count (<10 chars)
content,417.8899624261943,344,16
title,99.53511554145899,0,2
content_en,147.67889908256882,1989,0
title_en,89.02752293577981,1989,0
